Â»[Dx15]Â« Likes ğŸ¤³ INSTAHERO ğŸ¤³,https://t.me/Dx15LINSTAHERO
TOUCH | Dx50 Likes ğŸ‘‰ğŸ‘ˆ,https://t.me/touchdx50
[Dx20] Likes | ğŸ“¦ GROWTHBOX ğŸ“¦,https://t.me/GROWTHBOX20
Â»[Dx20]Â« Likes ğŸ¤³ INSTAHERO ğŸ¤³,https://t.me/Dx20LINSTAHERO
SONIC Comments Dx5,https://t.me/sonic_dx5
Instagirls DX10 L+C,https://t.me/instagirlsdx10lc
Â»[Dx30]Â« Likes ğŸ¤³ INSTAHERO ğŸ¤³,https://t.me/Dx30LINSTAHERO
Â»[Dx8]Â« Likes + Comments ğŸ¤³ INSTAHERO ğŸ¤³,https://t.me/Dx8LCINSTAHERO
Â»[Dx10]Â« Likes + Comments ğŸ¤³ INSTAHERO ğŸ¤³,https://t.me/Dx10lcinstahero
Â»[Dx28]Â« Likes ğŸ¤³ INSTALEGEND ğŸ¤³,https://t.me/Dx28linstalegend
[Dx30] Likes | ğŸš€BOOSTIFYğŸš€,https://t.me/Dx30BOOSTIFY
Â»[Dx35]Â« Likes ğŸ¤³ INSTALEGEND ğŸ¤³,https://t.me/Dx35LINSTALEGEND
Organic Dx45 Likes,https://t.me/organic45likes
Speed Dx8 Comments,https://t.me/speeddx8
Â»[Dx50]Â« Likes ğŸ¤³ INSTALEGEND ğŸ¤³,https://t.me/Dx50linstalegend
Organic Dx100 Likes,https://t.me/organic100likes
[Dx45] Likes | ğŸ“¦ GROWTHBOX ğŸ“¦,https://t.me/GROWTH45BOX
Dx3 L&C TopBoosters,https://t.me/Dx3TopBoosters
Dx5 L&C TopBoosters,https://t.me/Dx5TopBoosters
Dx30 Likes TopBoosters,https://t.me/Dx30LikesTopBoosters
Â»[Dx50 Likes]Â«ğŸ¦‹HYPEGRAMğŸ¦‹,https://t.me/HYPE50GRAM
Â»[Dx60 Likes]Â«ğŸ¦‹HYPEGRAMğŸ¦‹,https://t.me/HYPE60GRAM
[Dx8] Likes | ğŸ“¦ GROWTHBOX ğŸ“¦,https://t.me/GROWTH8BOX
[Dx18] Likes + Comments | ğŸ“¦ GROWTHBOX ğŸ“¦,https://t.me/GROWTH18BOX
[Dx60] Likes | ğŸ“¦ GROWTHBOX ğŸ“¦,https://t.me/GROWTHBOX60
[Dx15] Likes + Comments | ğŸ“¦ GROWTHBOX ğŸ“¦,https://t.me/GROWTHBOX15
[Dx10] Likes + Comments | ğŸ“¦ GROWTHBOX ğŸ“¦,https://t.me/GROWTHBOX10
{DX30} Actives Engagement Comments,https://t.me/ActivesEngagementDX30C
{DX50} Actives Engagment,https://t.me/ActivesEngagementDX50
[Dx7] Likes + Comments | ğŸ“¦ GROWTHBOX ğŸ“¦,https://t.me/GROWTHBOX7
Dx30| LUXE SOCIAL | Powerlikes ğŸ’–,https://t.me/luxesocial10
5 Stars | Dx5 L+C |,https://t.me/FivestarsgramDx5LC
Organic Dx20 Likes,https://t.me/organic20likes
Insta Organic DX20 Likes,https://t.me/instaorganicdx20likes
BEAUTY DX24h LIKES,https://t.me/Beauty_4all
Dx10 | FLAMINGO L+C,https://t.me/FlamingoLikesLCDx10
BEAUTY DX15 COMMENTS,https://t.me/beauty4AllDX15Comment
5 Stars | Dx30 LIKES,https://t.me/FivestarsgramDx30L
Organic Dx7 Comments,https://t.me/organic7comments
Girls Club ğŸŒ¸ | Dx30,https://t.me/girlsclub30
|Dx30| Mosquito Likes,https://t.me/Dx30Mosquito
ğŸ’¥PowerLikes&SaveDx10ğŸ’¥ ğŸ’¥ğŸ“¸ğŸ“¸,https://t.me/powerlikesboost
Dx50 LikesğŸš€Rocket Growth Social ğŸš€,https://t.me/dx50rgs
Gramhype Dx40 likes,https://t.me/Dx50fitness
[Dx30] Likes | â– NEVERLINE â–,https://t.me/Dx30NEVERLINE
NEWğŸ…PUSH Dx10 L&CğŸ…,https://t.me/pushgroupdx10new
KD Engagement || Dx30 || Like only,https://t.me/kdengagementlike
Wolf Emerald | Comments,https://t.me/EmaraldComments
InstaOrganic DX25 likes,https://t.me/InstaorganicDX25likes
ViralGrow Group Chat,https://t.me/viralgrow
DX3 LUXESOCIAL COMMENTğŸ“²,https://t.me/luxesocialdx3
Dx20|LUXE SOCIAL | SUPER LIKES ğŸ’–,https://t.me/luxex20
âšœDx10|LUXE SOCIAL |L+C,https://t.me/luxex10
Wolf | 1K Power Likes,https://t.me/Power1k
Dx30 Fastest Likes,https://t.me/engagementlikes50
DX10 | L&C | INSTAGRAM BOOST,https://t.me/GET_INSTAGRAM_LIKES_DX10
INSTAPOWER DX50,https://t.me/digitalfabricatormarket
10k+ğŸ…PUSH DX50 LIKES ğŸ…,https://t.me/pushgroupdx50
InstaOrganicDx15SuperComments,https://t.me/instaorganicdx15supercomments
[Dx25] Likes | â– NEVERLINE â–,https://t.me/Dx25NEVERLINE
|Dx70| Mosquito likes,https://t.me/Dx70Mosquito
|Dx10| Mosquito Like+Comment,https://t.me/Dx10Mosquito
|Dx7| Mosquito Like+Comment,https://t.me/Dx7Mosquito
[Dx15] Likes | â– NEVERLINE â–,https://t.me/Dx15NEVERLINE
âš¡ï¸ Flash Dx27 Likes Instagram,https://t.me/FlashDx27
ğŸ…PUSH Dx7 L&CğŸ…,https://t.me/pushdx7
Nalaâ€™s - dx100 Likes ğŸ’—,https://t.me/LeosLeosLeo
Instaorganic DX10 Likes,https://t.me/instaorganicdx10likes
Influential Dx20 Likes,https://t.me/dx20power
SMAC IG Dx15 group (L+C),https://t.me/smacdx15
DX20 | LIKES | INSTAGRAM BOOST,https://t.me/GET_INSTAGRAM_LIKES_DX20
[Dx20] Likes + Comments | â– NEVERLINE â–,https://t.me/Dx20NEVERLINE
TORNADO FREE DX6 L&C group ğŸŒªğŸŒªğŸŒª,https://t.me/Tornadodx50
[Dx25] Likes + Comments | ğŸš€BOOSTIFYğŸš€,https://t.me/Dx25BOOSTIFY
IG | LIBERTY Comments Dx5,https://t.me/libertydxgroup
FE Hive | DX5 Comments,https://t.me/HiveDX5Comments
INSTAGRAM Dx10 L&C GROUPÂ©,https://t.me/Dx10group
Dx10 Kilogram Likes,https://t.me/dx10kilogramlikes
Dx30 Legend Likes,https://t.me/legenddx30
Instaorganic DX5 comments,https://t.me/instaorganicdx5comments
Cloud Dx24 L/O | GainSpaceâ„¢,https://t.me/cloudlikesdx24
âšœï¸SOCIALROCKETS | DX5 5K VIPâšœï¸,https://t.me/srvip5k
DX8 LUXESOCIAL COMMENTğŸ“²,https://t.me/luxesocialdx8
VIP GOLD L+C,https://t.me/HugeGainDx5Group
EMPOWER DX10 - LIKE + COMMENT,https://t.me/empowerDX10
Blaze Dx10 USA Comments,https://t.me/BlazeDx10
SNT DX7 | COMMENTS,https://t.me/SNTDX7
Dx10 [LIKES] Instagram ğŸ’œ,https://t.me/dx10likesi
Dx20 [LIKES] Instagram ğŸ’œ,https://t.me/dx20l